elapsed_time_sec,latency_ms,label
1.6416611671447754,138.85242599999998,ipc_off
1.6461670398712158,41.124199999999995,ipc_off
1.7238242626190186,20.022184,ipc_off
1.8350038528442383,31.774758,ipc_off
1.9128892421722412,9.891248,ipc_off
2.0482609272003174,33.094484,ipc_off
2.1418752670288086,38.546634,ipc_off
2.2464191913604736,42.774328,ipc_off
2.3398170471191406,36.953981999999996,ipc_off
2.4295732975006104,26.67824,ipc_off
2.5338428020477295,24.847845,ipc_off
2.6468348503112793,43.730318,ipc_off
2.726536750793457,23.364096999999997,ipc_off
2.8331565856933594,29.541733999999998,ipc_off
2.9465129375457764,36.278827,ipc_off
3.012308359146118,9.341695,ipc_off
3.1262478828430176,21.040592999999998,ipc_off
3.260310173034668,43.704209999999996,ipc_off
3.3314568996429443,27.161686,ipc_off
3.4305026531219482,24.756804,ipc_off
3.5433688163757324,35.545148999999995,ipc_off
3.6450772285461426,38.663388,ipc_off
3.728501796722412,25.652896,ipc_off
3.830000877380371,27.071880999999998,ipc_off
3.962723970413208,53.537515,ipc_off
4.0527379512786865,43.577583,ipc_off
4.124940395355225,21.33915,ipc_off
4.227049112319946,23.393421,ipc_off
4.365241289138794,61.926427999999994,ipc_off
4.452773571014404,46.277397,ipc_off
4.5397374629974365,25.897534,ipc_off
4.6442577838897705,34.784105,ipc_off
4.75389289855957,46.607667,ipc_off
4.848207712173462,44.514492999999995,ipc_off
4.949017524719238,42.138143,ipc_off
5.0491273403167725,46.394912999999995,ipc_off
5.122097492218018,16.854146999999998,ipc_off
5.210578680038452,7.759507999999999,ipc_off
5.364850044250488,62.001065,ipc_off
5.447809219360352,42.452807,ipc_off
5.526298999786377,22.154674999999997,ipc_off
5.642173767089844,36.215478,ipc_off
5.7300684452056885,27.092985,ipc_off
5.834801435470581,28.147012999999998,ipc_off
5.947216033935547,37.343146999999995,ipc_off
6.030912637710571,26.540833,ipc_off
6.13532018661499,32.083161,ipc_off
6.259610652923584,55.984434,ipc_off
6.358257293701172,46.614177999999995,ipc_off
6.449329376220703,35.123999,ipc_off
6.533592462539673,25.867651,ipc_off
6.651834487915039,42.468458,ipc_off
6.767230033874512,62.901250999999995,ipc_off
6.8439013957977295,24.764868999999997,ipc_off
6.9308226108551025,22.772427,ipc_off
7.011329174041748,7.827694999999999,ipc_off
7.114109516143799,11.286826,ipc_off
7.212289094924927,9.247313,ipc_off
7.378834009170532,74.670723,ipc_off
7.4326066970825195,28.265023,ipc_off
7.52545166015625,22.610962,ipc_off
7.650143384933472,43.643454,ipc_off
7.713129758834839,9.574714,ipc_off
7.8289642333984375,26.205959,ipc_off
7.96318507194519,31.886357,ipc_off
8.03483247756958,31.343135,ipc_off
8.124489545822144,20.660095,ipc_off
8.261699438095093,58.408046,ipc_off
8.34781813621521,34.551316,ipc_off
8.429409503936768,26.284568,ipc_off
8.517110109329224,9.821871999999999,ipc_off
8.679461240768433,49.883534999999995,ipc_off
8.729759216308594,26.450308999999997,ipc_off
8.839325904846191,36.2958,ipc_off
8.96470832824707,60.563759999999995,ipc_off
9.069791316986084,66.431058,ipc_off
9.160325765609741,51.825221,ipc_off
9.217820405960083,14.635805999999999,ipc_off
9.325443744659424,15.042292999999999,ipc_off
9.43241000175476,25.443582,ipc_off
9.537139654159546,34.421901999999996,ipc_off
9.614392518997192,8.092459,ipc_off
9.759462594985962,56.342523,ipc_off
9.862661361694336,41.847891,ipc_off
9.925621271133423,22.259165,ipc_off
10.053881406784058,45.665453,ipc_off
10.14005970954895,33.950866,ipc_off
10.252052783966064,49.004037,ipc_off
10.340436458587646,34.286507,ipc_off
10.462843418121338,58.293763,ipc_off
10.524063348770142,20.608466,ipc_off
10.636315822601318,33.396377,ipc_off
10.758683204650879,45.749171,ipc_off
10.831834316253662,29.015107999999998,ipc_off
11.02176833152771,116.25144399999999,ipc_off
11.044617652893066,41.772951,ipc_off
11.148903608322144,43.989363999999995,ipc_off
11.232233762741089,26.255322,ipc_off
11.340290546417236,29.163664999999998,ipc_off
11.433746576309204,30.790416999999998,ipc_off
11.537708759307861,33.979254,ipc_off
11.624153852462769,21.288484999999998,ipc_off
11.741842031478882,38.281825,ipc_off
11.856107234954834,44.730754,ipc_off
11.93378472328186,24.810919,ipc_off
12.032612800598145,29.460019,ipc_off
12.124482870101929,21.197467,ipc_off
12.243674516677856,40.637167,ipc_off
12.343143224716187,40.297174999999996,ipc_off
12.430567026138306,27.784302,ipc_off
12.539234399795532,35.541249,ipc_off
12.636211156845093,23.378586,ipc_off
12.75007700920105,40.398722,ipc_off
12.842542171478271,39.428804,ipc_off
12.927857398986816,23.703401,ipc_off
13.040557146072388,32.246887,ipc_off
13.152225017547607,48.860299,ipc_off
13.23115873336792,27.987856999999998,ipc_off
13.323493480682373,19.640165,ipc_off
13.468164920806885,58.596131,ipc_off
13.54109811782837,31.546418,ipc_off
13.627060413360596,21.608776,ipc_off
13.76630711555481,51.957581,ipc_off
13.840246200561523,30.206205999999998,ipc_off
13.921041011810303,10.003317,ipc_off
14.037667274475098,32.081300999999996,ipc_off
14.171942710876465,68.43936099999999,ipc_off
14.251477241516113,46.275842999999995,ipc_off
14.336175441741943,31.086972,ipc_off
14.432400703430176,28.62058,ipc_off
14.528991460800171,23.049276,ipc_off
14.627525091171265,22.554316999999998,ipc_off
14.768660068511963,59.344623,ipc_off
14.851884603500366,42.701065,ipc_off
14.941449880599976,32.119853,ipc_off
15.016598463058472,12.063359,ipc_off
15.13947868347168,32.163534999999996,ipc_off
15.234604358673096,27.229080999999997,ipc_off
15.339168310165405,34.42294,ipc_off
15.437013387680054,33.904688,ipc_off
15.52898359298706,25.691093,ipc_off
15.65855622291565,47.160486999999996,ipc_off
15.718587160110474,15.098678,ipc_off
15.846247673034668,27.809402,ipc_off
15.942532777786255,34.336061,ipc_off
16.021466970443726,16.159264,ipc_off
16.126591682434082,14.530306999999999,ipc_off
16.22969079017639,23.514846,ipc_off
16.342209100723267,38.789853,ipc_off
16.434069633483887,30.829067,ipc_off
16.533175230026245,26.208408,ipc_off
16.630603551864624,21.637311999999998,ipc_off
16.752461194992065,38.438974,ipc_off
16.81084418296814,7.633362999999999,ipc_off
16.98228907585144,36.288123,ipc_off
17.02900457382202,25.950167,ipc_off
17.145655155181885,42.704440999999996,ipc_off
17.251530170440674,47.611585,ipc_off
17.327370643615723,24.366462,ipc_off
17.439465045928955,32.123137,ipc_off
17.609049558639526,98.746927,ipc_off
17.651905059814453,48.260143,ipc_off
17.782219409942627,68.278243,ipc_off
17.84775471687317,44.303169,ipc_off
17.941173791885376,37.529666,ipc_off
18.029127836227417,26.048764,ipc_off
18.148582935333252,44.700136,ipc_off
18.229177951812744,25.451825,ipc_off
18.37088441848755,46.200527,ipc_off
18.432541370391846,24.220629,ipc_off
18.539533376693726,36.57907,ipc_off
18.63117527961731,24.928259,ipc_off
18.729934215545654,26.591186,ipc_off
18.835609912872314,31.802802,ipc_off
18.9326810836792,27.547024,ipc_off
19.058345317840576,53.490153,ipc_off
19.153041124343872,49.979423,ipc_off
19.266304969787598,63.087666,ipc_off
19.340909957885742,34.61853,ipc_off
19.445090532302856,42.154944,ipc_off
19.54741930961609,43.902293,ipc_off
19.637070894241333,32.413294,ipc_off
19.73835253715515,35.504332,ipc_off
19.829925060272217,12.429407999999999,ipc_off
19.93044090270996,26.17727,ipc_off
20.03439712524414,30.786233,ipc_off
20.13479447364807,24.351430999999998,ipc_off
20.251415014266968,47.34476,ipc_off
20.3142352104187,11.301644,ipc_off
20.43105697631836,26.848869,ipc_off
20.52708125114441,23.659363,ipc_off
20.62551212310791,22.659418,ipc_off
20.727882385253906,24.732059,ipc_off
20.822965621948242,20.057249,ipc_off
20.941588163375854,37.856864,ipc_off
21.023305416107178,19.203958,ipc_off
21.166233777999878,54.872203999999996,ipc_off
21.242842435836792,39.308991999999996,ipc_off
21.344090223312378,30.140121999999998,ipc_off
21.463053226470947,60.025372,ipc_off
21.533387899398804,24.386772999999998,ipc_off
21.645524740219116,37.401489,ipc_off
21.755723237991333,42.032187,ipc_off
21.833125352859497,29.837657,ipc_off
21.919100284576416,10.992424,ipc_off
22.081394910812378,58.896273,ipc_off
22.12273907661438,19.333512,ipc_off
22.221932888031006,14.132423999999999,ipc_off
22.34909701347351,45.855601,ipc_off
22.430071592330933,24.578511,ipc_off
22.53385019302368,25.283443,ipc_off
22.63997983932495,33.198221,ipc_off
22.73217749595642,22.426357,ipc_off
22.835962533950806,23.365454999999997,ipc_off
22.95672369003296,49.504996,ipc_off
23.020252227783203,12.173385999999999,ipc_off
23.134073972702026,27.728809,ipc_off
23.250417709350586,34.219381999999996,ipc_off
23.339572191238403,34.392555,ipc_off
23.41577172279358,12.679966,ipc_off
23.515950441360474,12.598619,ipc_off
23.619198322296143,10.386794,ipc_off
23.727195978164673,23.909654999999997,ipc_off
0.27985429763793945,215.948745,ipc_off
0.28400683403015137,120.021346,ipc_off
0.30156397819519043,36.395899,ipc_off
0.39440441131591797,30.166255,ipc_off
0.5110974311828613,46.849495,ipc_off
0.6001567840576172,33.582834999999996,ipc_off
0.7068700790405273,42.866986999999995,ipc_off
0.7889838218688965,24.651045,ipc_off
0.8770077228546143,10.104356,ipc_off
1.001237392425537,37.271771,ipc_off
1.0844063758850098,19.650783,ipc_off
1.1891803741455078,22.999050999999998,ipc_off
1.291524887084961,27.534933,ipc_off
1.3861134052276611,21.894589999999997,ipc_off
1.478677749633789,9.191887,ipc_off
1.6088340282440186,36.030358,ipc_off
1.6941039562225342,29.439669,ipc_off
1.7948620319366455,21.809642999999998,ipc_off
1.9497179985046387,42.636599,ipc_off
2.008702516555786,44.240911999999994,ipc_off
2.0875654220581055,22.764355,ipc_off
2.1853249073028564,20.515189,ipc_off
2.2746973037719727,7.721233,ipc_off
2.413571834564209,48.317730999999995,ipc_off
2.5083160400390625,33.717431,ipc_off
2.6040472984313965,36.782900999999995,ipc_off
2.695237874984741,28.639062,ipc_off
2.8251571655273438,47.183797999999996,ipc_off
2.8877782821655273,22.8406,ipc_off
2.987734079360962,23.664790999999997,ipc_off
3.120683431625366,55.542141,ipc_off
3.1741840839385986,8.941467,ipc_off
3.3013598918914795,24.324707,ipc_off
3.375417470932007,7.639548,ipc_off
3.489753246307373,24.000832,ipc_off
3.58864688873291,24.169404,ipc_off
3.675929069519043,11.662132999999999,ipc_off
3.8033103942871094,25.677659,ipc_off
3.916335344314575,51.702886,ipc_off
4.008003234863281,43.667581999999996,ipc_off
4.211270093917847,121.585185,ipc_off
4.2156147956848145,51.598132,ipc_off
4.302353858947754,36.756116999999996,ipc_off
4.399158239364624,34.200682,ipc_off
4.501475811004639,33.070104,ipc_off
4.626270532608032,61.711355,ipc_off
4.688262462615967,24.327213999999998,ipc_off
4.794353485107422,25.408728999999997,ipc_off
4.873223543167114,7.083298,ipc_off
4.989248275756836,24.217665,ipc_off
5.099226236343384,35.268822,ipc_off
5.183778285980225,19.830386999999998,ipc_off
5.283670425415039,18.148849,ipc_off
5.395932674407959,24.832755,ipc_off
5.497633457183838,20.38507,ipc_off
5.593380689620972,22.586223,ipc_off
5.70253586769104,36.60733,ipc_off
5.778756618499756,7.116101,ipc_off
5.886558532714844,22.455994999999998,ipc_off
5.987943887710571,23.214308,ipc_off
6.0972936153411865,32.682112,ipc_off
6.20999002456665,45.764506,ipc_off
6.292431831359863,27.373151,ipc_off
6.378517150878906,14.171558,ipc_off
6.493759632110596,29.653478999999997,ipc_off
6.574376583099365,9.074619,ipc_off
6.677846670150757,9.114694,ipc_off
6.775372743606567,8.407001,ipc_off
6.879986763000488,8.569272,ipc_off
6.973382472991943,8.882863,ipc_off
7.077576160430908,10.939378,ipc_off
7.179825782775879,8.057003,ipc_off
7.296591520309448,31.900022999999997,ipc_off
7.396009922027588,23.670267,ipc_off
7.474848508834839,8.252775,ipc_off
7.583200454711914,19.069255,ipc_off
7.687547445297241,22.162936,ipc_off
7.773849248886108,7.271201,ipc_off
7.879721641540527,15.013923,ipc_off
7.974023818969727,9.125409,ipc_off
8.076570749282837,7.626894999999999,ipc_off
8.172141075134277,8.038491,ipc_off
8.274359226226807,8.021474999999999,ipc_off
8.37325406074524,9.123958,ipc_off
8.474318504333496,7.972849999999999,ipc_off
8.602805614471436,36.901606,ipc_off
8.698368787765503,33.110394,ipc_off
8.787662267684937,22.928226,ipc_off
8.873004674911499,8.990746,ipc_off
8.974692106246948,10.355986999999999,ipc_off
9.087937593460083,9.044388,ipc_off
9.172189950942993,7.655253,ipc_off
9.302024841308594,35.252736,ipc_off
9.391613960266113,21.851391,ipc_off
9.495056390762329,23.204708999999998,ipc_off
9.584471464157104,19.914092,ipc_off
9.67419171333313,8.87135,ipc_off
9.8091459274292,44.388459999999995,ipc_off
9.92617392539978,59.831664999999994,ipc_off
9.994144439697266,25.346546999999997,ipc_off
10.093212604522705,26.870385,ipc_off
10.196177244186401,8.335657,ipc_off
10.304778575897217,22.796939,ipc_off
10.386852264404297,21.289592,ipc_off
10.491062641143799,24.543207,ipc_off
10.61815619468689,52.670823,ipc_off
10.689131259918213,24.102214999999998,ipc_off
10.793761253356934,29.598968,ipc_off
10.886813879013062,22.598706999999997,ipc_off
10.978105306625366,8.671617,ipc_off
11.071324825286865,7.229664,ipc_off
11.204024076461792,28.160854,ipc_off
11.288686037063599,21.739072,ipc_off
11.416568994522095,49.409599,ipc_off
11.491617679595947,26.988545,ipc_off
11.598499774932861,28.86853,ipc_off
11.674068927764893,7.586754999999999,ipc_off
11.797555685043335,20.708275999999998,ipc_off
11.899033069610596,33.480924,ipc_off
12.006232261657715,41.674622,ipc_off
12.084503173828125,20.109305,ipc_off
12.216297388076782,39.380097,ipc_off
12.27310562133789,7.137706,ipc_off
12.399982213973999,26.269005999999997,ipc_off
12.49390172958374,24.997840999999998,ipc_off
12.59447956085205,28.802711,ipc_off
12.671811819076538,7.1486719999999995,ipc_off
12.787415266036987,20.921512999999997,ipc_off
12.903585195541382,39.003218,ipc_off
13.015806674957275,50.768921999999996,ipc_off
13.092708587646484,24.745133,ipc_off
13.195070028305054,28.426544,ipc_off
13.297520637512207,32.593758,ipc_off
13.372654676437378,8.176794,ipc_off
13.506190776824951,40.297377,ipc_off
13.587107181549072,17.160159999999998,ipc_off
13.721581935882568,56.718188999999995,ipc_off
13.79550576210022,28.926814999999998,ipc_off
13.890265226364136,26.095869999999998,ipc_off
13.972111225128174,6.9820329999999995,ipc_off
14.07784104347229,7.8232729999999995,ipc_off
14.186741590499878,17.816108,ipc_off
14.277650594711304,7.6689869999999996,ipc_off
14.38605809211731,21.057385,ipc_off
14.505682945251465,41.290485,ipc_off
14.602597713470459,37.682013999999995,ipc_off
14.720660209655762,55.185835,ipc_off
14.777789115905762,13.181225999999999,ipc_off
14.877220869064331,9.675256,ipc_off
14.984254598617554,20.016489,ipc_off
15.085972785949707,21.16386,ipc_off
15.198662519454956,34.50837,ipc_off
15.280806064605713,16.673413,ipc_off
15.434153318405151,54.872814,ipc_off
15.49297285079956,27.391115,ipc_off
15.576532125473022,8.812839,ipc_off
15.67693018913269,10.482885999999999,ipc_off
15.812764883041382,41.686251,ipc_off
15.919777631759644,21.535963,ipc_off
16.007468700408936,41.464513,ipc_off
16.085887670516968,21.747003,ipc_off
16.182251930236816,14.180664,ipc_off
16.291309356689453,27.014882,ipc_off
16.407828092575073,36.351575,ipc_off
16.490715980529785,24.082969,ipc_off
16.60452365875244,39.343261999999996,ipc_off
16.696199417114258,24.519847,ipc_off
16.788248300552368,22.458299,ipc_off
